CREATE DATABASE  IF NOT EXISTS `roma` /*!40100 DEFAULT CHARACTER SET utf8 */;
USE `roma`;
-- MariaDB dump 10.17  Distrib 10.4.13-MariaDB, for Win64 (AMD64)
--
-- Host: 127.0.0.1    Database: roma
-- ------------------------------------------------------
-- Server version	10.4.13-MariaDB

/*!40101 SET @OLD_CHARACTER_SET_CLIENT=@@CHARACTER_SET_CLIENT */;
/*!40101 SET @OLD_CHARACTER_SET_RESULTS=@@CHARACTER_SET_RESULTS */;
/*!40101 SET @OLD_COLLATION_CONNECTION=@@COLLATION_CONNECTION */;
/*!40101 SET NAMES utf8 */;
/*!40103 SET @OLD_TIME_ZONE=@@TIME_ZONE */;
/*!40103 SET TIME_ZONE='+00:00' */;
/*!40014 SET @OLD_UNIQUE_CHECKS=@@UNIQUE_CHECKS, UNIQUE_CHECKS=0 */;
/*!40014 SET @OLD_FOREIGN_KEY_CHECKS=@@FOREIGN_KEY_CHECKS, FOREIGN_KEY_CHECKS=0 */;
/*!40101 SET @OLD_SQL_MODE=@@SQL_MODE, SQL_MODE='NO_AUTO_VALUE_ON_ZERO' */;
/*!40111 SET @OLD_SQL_NOTES=@@SQL_NOTES, SQL_NOTES=0 */;

--
-- Table structure for table `addresses`
--

DROP TABLE IF EXISTS `addresses`;
/*!40101 SET @saved_cs_client     = @@character_set_client */;
/*!40101 SET character_set_client = utf8 */;
CREATE TABLE `addresses` (
  `id` bigint(19) unsigned NOT NULL,
  `user_id` bigint(19) unsigned NOT NULL,
  `street` varchar(45) NOT NULL,
  `number` int(10) unsigned NOT NULL,
  `zip_code` int(10) unsigned NOT NULL,
  `city` varchar(45) NOT NULL,
  `prov` varchar(45) NOT NULL,
  `alias` varchar(45) NOT NULL,
  `created_at` timestamp NULL DEFAULT NULL,
  `deleted_at` timestamp NULL DEFAULT NULL,
  `updated_at` timestamp NULL DEFAULT NULL,
  PRIMARY KEY (`id`),
  KEY `relationship A` (`user_id`),
  CONSTRAINT `relationship A` FOREIGN KEY (`user_id`) REFERENCES `users` (`id`) ON DELETE NO ACTION ON UPDATE NO ACTION
) ENGINE=InnoDB DEFAULT CHARSET=utf8;
/*!40101 SET character_set_client = @saved_cs_client */;

--
-- Dumping data for table `addresses`
--

LOCK TABLES `addresses` WRITE;
/*!40000 ALTER TABLE `addresses` DISABLE KEYS */;
INSERT INTO `addresses` VALUES (1,18,'Spohn',9,94622,'Oakland','CA','consequat dui nec nisi','2020-07-31 03:00:00',NULL,NULL),(2,19,'Dapin',2,55564,'Young America','MN','ac tellus semper interdum mauris','2020-07-31 03:00:00',NULL,NULL),(3,1,'Brentwood',62652,28289,'Charlotte','NC','at turpis donec posuere metus','2020-07-31 03:00:00',NULL,NULL),(4,28,'Towne',85219,40576,'Lexington','KY','nullam molestie','2020-07-31 03:00:00',NULL,NULL),(5,4,'Sachs',1,78215,'San Antonio','TX','magna vulputate','2020-07-31 03:00:00',NULL,NULL),(6,1,'Leroy',5145,31605,'Valdosta','GA','cum','2020-07-31 03:00:00',NULL,NULL),(7,14,'Milwaukee',9,80243,'Denver','CO','ut','2020-07-31 03:00:00',NULL,NULL),(8,23,'Mosinee',378,37914,'Knoxville','TN','semper sapien a','2020-07-31 03:00:00',NULL,NULL),(9,28,'Bunker Hill',7,48609,'Saginaw','MI','habitasse platea dictumst','2020-07-31 03:00:00',NULL,NULL),(10,8,'Becker',28,10024,'New York City','NY','mi nulla ac','2020-07-31 03:00:00',NULL,NULL),(11,12,'Homewood',29,33245,'Miami','FL','quis libero nullam','2020-07-31 03:00:00',NULL,NULL),(12,33,'Arapahoe',76,34620,'Clearwater','FL','amet sem','2020-07-31 03:00:00',NULL,NULL),(13,21,'Kennedy',19093,40576,'Lexington','KY','integer','2020-07-31 03:00:00',NULL,NULL),(14,44,'Carey',75,55480,'Minneapolis','MN','maecenas leo','2020-07-31 03:00:00',NULL,NULL),(15,29,'Comanche',9,63150,'Saint Louis','MO','erat','2020-07-31 03:00:00',NULL,NULL),(16,11,'Maryland',4,2905,'Providence','RI','sed ante vivamus','2020-07-31 03:00:00',NULL,NULL),(17,45,'Grim',577,92137,'San Diego','CA','ipsum primis','2020-07-31 03:00:00',NULL,NULL),(18,33,'Brentwood',18073,78230,'San Antonio','TX','maecenas ut massa quis','2020-07-31 03:00:00',NULL,NULL),(19,7,'Sunbrook',441,70607,'Lake Charles','LA','nibh in lectus pellentesque at','2020-07-31 03:00:00',NULL,NULL),(20,28,'Northland',6080,13217,'Syracuse','NY','fringilla','2020-07-31 03:00:00',NULL,NULL),(21,45,'Ryan',47940,20425,'Washington','DC','suspendisse potenti','2020-07-31 03:00:00',NULL,NULL),(22,46,'Maple Wood',5902,34233,'Sarasota','FL','ipsum dolor','2020-07-31 03:00:00',NULL,NULL),(23,30,'Blackbird',6666,79176,'Amarillo','TX','lacus morbi sem mauris laoreet','2020-07-31 03:00:00',NULL,NULL),(24,15,'Redwing',9,53285,'Milwaukee','WI','iaculis diam erat','2020-07-31 03:00:00',NULL,NULL),(25,21,'Kensington',3689,10459,'Bronx','NY','dui nec nisi','2020-07-31 03:00:00',NULL,NULL),(26,45,'Sugar',5157,60681,'Chicago','IL','posuere','2020-07-31 03:00:00',NULL,NULL),(27,19,'American',526,80223,'Denver','CO','morbi ut odio cras mi','2020-07-31 03:00:00',NULL,NULL),(28,36,'Mesta',9067,55470,'Minneapolis','MN','ultrices posuere','2020-07-31 03:00:00',NULL,NULL),(29,27,'Stoughton',7094,72222,'Little Rock','AR','amet eros suspendisse accumsan tortor','2020-07-31 03:00:00',NULL,NULL),(30,26,'Grayhawk',316,53225,'Milwaukee','WI','nam congue risus semper porta','2020-07-31 03:00:00',NULL,NULL);
/*!40000 ALTER TABLE `addresses` ENABLE KEYS */;
UNLOCK TABLES;

--
-- Table structure for table `categories`
--

DROP TABLE IF EXISTS `categories`;
/*!40101 SET @saved_cs_client     = @@character_set_client */;
/*!40101 SET character_set_client = utf8 */;
CREATE TABLE `categories` (
  `id` bigint(19) unsigned NOT NULL AUTO_INCREMENT,
  `name` varchar(45) NOT NULL,
  `created_at` timestamp NULL DEFAULT NULL,
  `deleted_at` timestamp NULL DEFAULT NULL,
  `updated_at` timestamp NULL DEFAULT NULL,
  PRIMARY KEY (`id`)
) ENGINE=InnoDB AUTO_INCREMENT=7 DEFAULT CHARSET=utf8;
/*!40101 SET character_set_client = @saved_cs_client */;

--
-- Dumping data for table `categories`
--

LOCK TABLES `categories` WRITE;
/*!40000 ALTER TABLE `categories` DISABLE KEYS */;
INSERT INTO `categories` VALUES (1,'turpis adipiscing lorem vitae','2020-04-28 09:33:26',NULL,NULL),(2,'vestibulum ante','2020-07-05 15:04:49',NULL,NULL),(3,'est et tempus semper','2020-01-24 00:26:14',NULL,NULL),(4,'eget semper','2019-08-17 16:46:42',NULL,NULL),(5,'mattis nibh ligula','2020-04-11 00:48:28',NULL,NULL),(6,'vel dapibus at diam','2020-03-10 23:30:24',NULL,NULL);
/*!40000 ALTER TABLE `categories` ENABLE KEYS */;
UNLOCK TABLES;

--
-- Table structure for table `phones`
--

DROP TABLE IF EXISTS `phones`;
/*!40101 SET @saved_cs_client     = @@character_set_client */;
/*!40101 SET character_set_client = utf8 */;
CREATE TABLE `phones` (
  `id` bigint(19) unsigned NOT NULL AUTO_INCREMENT,
  `cell_phone` int(10) unsigned NOT NULL,
  `cell_phone_2` int(10) unsigned DEFAULT NULL,
  `phone` int(10) unsigned DEFAULT NULL,
  `created_at` timestamp NULL DEFAULT NULL,
  `deleted_at` timestamp NULL DEFAULT NULL,
  `updated_at` timestamp NULL DEFAULT NULL,
  PRIMARY KEY (`id`)
) ENGINE=InnoDB AUTO_INCREMENT=51 DEFAULT CHARSET=utf8;
/*!40101 SET character_set_client = @saved_cs_client */;

--
-- Dumping data for table `phones`
--

LOCK TABLES `phones` WRITE;
/*!40000 ALTER TABLE `phones` DISABLE KEYS */;
INSERT INTO `phones` VALUES (1,1173998652,NULL,NULL,'2020-07-28 04:16:45',NULL,NULL),(2,1158130472,1114565040,NULL,'2020-07-27 11:34:05',NULL,NULL),(3,1112815570,1139646277,NULL,'2020-07-30 23:56:45',NULL,NULL),(4,1147515641,1197062730,NULL,'2020-07-28 13:59:40',NULL,NULL),(5,1177876388,1199847212,NULL,'2020-07-28 11:44:12',NULL,NULL),(6,1170240340,NULL,NULL,'2020-07-30 11:50:46',NULL,NULL),(7,1128991843,NULL,NULL,'2020-07-27 16:09:56',NULL,NULL),(8,1186436108,NULL,1166112549,'2020-07-30 22:18:41',NULL,NULL),(9,1195400625,1122779870,NULL,'2020-07-29 08:35:13',NULL,NULL),(10,1126756429,NULL,1124653946,'2020-07-30 18:45:08',NULL,NULL),(11,1111960407,NULL,1114795964,'2020-07-28 19:54:02',NULL,NULL),(12,1118345770,1125172584,NULL,'2020-07-28 09:24:54',NULL,NULL),(13,1156754887,NULL,NULL,'2020-07-27 08:50:40',NULL,NULL),(14,1123815154,NULL,1167820055,'2020-07-29 09:33:40',NULL,NULL),(15,1161756128,NULL,NULL,'2020-07-29 20:05:27',NULL,NULL),(16,1122472722,1153209221,NULL,'2020-07-29 00:58:53',NULL,NULL),(17,1196737485,NULL,NULL,'2020-07-30 12:01:17',NULL,NULL),(18,1196106622,NULL,1119024757,'2020-07-27 08:02:35',NULL,NULL),(19,1151328096,1139793222,NULL,'2020-07-28 12:04:36',NULL,NULL),(20,1120864193,NULL,NULL,'2020-07-28 19:31:43',NULL,NULL),(21,1177431897,1187182162,1150308408,'2020-07-27 12:25:43',NULL,NULL),(22,1172037464,1130259612,NULL,'2020-07-28 00:38:19',NULL,NULL),(23,1121539664,NULL,1130877345,'2020-07-27 20:29:59',NULL,NULL),(24,1139191050,1148687792,1172599842,'2020-07-28 10:45:03',NULL,NULL),(25,1188281201,NULL,1147412573,'2020-07-28 01:05:09',NULL,NULL),(26,1163316485,1114364922,NULL,'2020-07-28 10:58:37',NULL,NULL),(27,1159404513,1141391553,NULL,'2020-07-30 09:09:31',NULL,NULL),(28,1169370208,NULL,NULL,'2020-07-29 23:18:06',NULL,NULL),(29,1156631726,NULL,NULL,'2020-07-30 06:11:11',NULL,NULL),(30,1147180568,NULL,NULL,'2020-07-29 02:47:49',NULL,NULL),(31,1173705364,NULL,NULL,'2020-07-29 20:43:21',NULL,NULL),(32,1112766032,1152588927,NULL,'2020-07-27 20:02:43',NULL,NULL),(33,1172144298,1160638412,1112000800,'2020-07-28 03:42:11',NULL,NULL),(34,1153154061,1116222238,NULL,'2020-07-27 04:25:01',NULL,NULL),(35,1195904242,NULL,1119970896,'2020-07-29 07:05:01',NULL,NULL),(36,1194112515,1150328982,1170676236,'2020-07-28 05:01:31',NULL,NULL),(37,1161622976,NULL,NULL,'2020-07-27 22:25:26',NULL,NULL),(38,1170317185,NULL,1198529779,'2020-07-29 14:47:44',NULL,NULL),(39,1126911075,NULL,NULL,'2020-07-30 20:12:41',NULL,NULL),(40,1131652669,1190925341,NULL,'2020-07-29 17:59:18',NULL,NULL),(41,1146704990,NULL,1135954717,'2020-07-29 03:48:21',NULL,NULL),(42,1139315699,1162118955,1145653978,'2020-07-27 14:05:54',NULL,NULL),(43,1132900879,NULL,1191780747,'2020-07-27 21:19:14',NULL,NULL),(44,1153164992,1166332744,1139307489,'2020-07-27 11:29:02',NULL,NULL),(45,1185410565,1168666674,NULL,'2020-07-29 18:42:08',NULL,NULL),(46,1170069213,1140958556,1139181182,'2020-07-29 14:18:18',NULL,NULL),(47,1178322338,NULL,1137818917,'2020-07-28 08:34:35',NULL,NULL),(48,1155182170,NULL,NULL,'2020-07-28 03:58:04',NULL,NULL),(49,1182097772,NULL,NULL,'2020-07-27 14:37:38',NULL,NULL),(50,1175385286,NULL,1115671210,'2020-07-29 18:43:39',NULL,NULL);
/*!40000 ALTER TABLE `phones` ENABLE KEYS */;
UNLOCK TABLES;

--
-- Table structure for table `product_sale`
--

DROP TABLE IF EXISTS `product_sale`;
/*!40101 SET @saved_cs_client     = @@character_set_client */;
/*!40101 SET character_set_client = utf8 */;
CREATE TABLE `product_sale` (
  `id` bigint(19) unsigned NOT NULL AUTO_INCREMENT,
  `product_id` bigint(19) unsigned NOT NULL,
  `cant` int(11) NOT NULL,
  `sub_total` decimal(10,0) unsigned NOT NULL,
  `sale_id` bigint(19) unsigned NOT NULL,
  `created_at` timestamp NULL DEFAULT NULL,
  `deleted_at` timestamp NULL DEFAULT NULL,
  `updated_at` timestamp NULL DEFAULT NULL,
  PRIMARY KEY (`id`),
  KEY `relationShip c_idx` (`product_id`),
  KEY `relationShip  d_idx` (`sale_id`),
  CONSTRAINT `relationShip  d` FOREIGN KEY (`sale_id`) REFERENCES `sales` (`id`) ON DELETE NO ACTION ON UPDATE NO ACTION,
  CONSTRAINT `relationShip c` FOREIGN KEY (`product_id`) REFERENCES `products` (`id`) ON DELETE NO ACTION ON UPDATE NO ACTION
) ENGINE=InnoDB DEFAULT CHARSET=utf8;
/*!40101 SET character_set_client = @saved_cs_client */;

--
-- Dumping data for table `product_sale`
--

LOCK TABLES `product_sale` WRITE;
/*!40000 ALTER TABLE `product_sale` DISABLE KEYS */;
/*!40000 ALTER TABLE `product_sale` ENABLE KEYS */;
UNLOCK TABLES;

--
-- Table structure for table `products`
--

DROP TABLE IF EXISTS `products`;
/*!40101 SET @saved_cs_client     = @@character_set_client */;
/*!40101 SET character_set_client = utf8 */;
CREATE TABLE `products` (
  `id` bigint(19) unsigned NOT NULL AUTO_INCREMENT,
  `name` varchar(45) NOT NULL,
  `description` varchar(600) NOT NULL,
  `slices` varchar(45) NOT NULL,
  `category_id` bigint(19) unsigned NOT NULL,
  `price` decimal(10,2) unsigned NOT NULL,
  `stock` int(10) unsigned NOT NULL,
  `imageLg` varchar(100) NOT NULL,
  `image` varchar(100) DEFAULT NULL,
  `created_at` timestamp NULL DEFAULT NULL,
  `deleted_at` timestamp NULL DEFAULT NULL,
  `updated_at` timestamp NULL DEFAULT NULL,
  PRIMARY KEY (`id`),
  KEY `relationShip b_idx` (`category_id`),
  CONSTRAINT `relationShip b` FOREIGN KEY (`category_id`) REFERENCES `categories` (`id`) ON DELETE NO ACTION ON UPDATE NO ACTION
) ENGINE=InnoDB AUTO_INCREMENT=201 DEFAULT CHARSET=utf8;
/*!40101 SET character_set_client = @saved_cs_client */;

--
-- Dumping data for table `products`
--

LOCK TABLES `products` WRITE;
/*!40000 ALTER TABLE `products` DISABLE KEYS */;
INSERT INTO `products` VALUES (1,'Beef - Baby, Liver','augue vestibulum ante ipsum primis in faucibus orci luctus et ultrices posuere cubilia curae','0',6,341.38,199,'product-image-1595193271799.jpg','product-image-1595193271792.jpg','2020-07-30 17:39:19',NULL,NULL),(2,'Container - Hngd Cll Blk 7x7x3','ut blandit non interdum in ante vestibulum ante ipsum primis in faucibus orci luctus et ultrices posuere cubilia curae duis','12',2,47.73,163,'product-image-1595193271799.jpg','product-image-1595193271792.jpg','2020-07-30 08:17:41',NULL,NULL),(3,'Veal Inside - Provimi','curabitur at ipsum ac tellus semper interdum mauris ullamcorper purus sit amet nulla quisque arcu libero rutrum ac lobortis vel dapibus at','9',3,1095.91,139,'product-image-1595193271799.jpg','product-image-1595193271792.jpg','2020-07-30 14:33:15',NULL,NULL),(4,'Wine - Pinot Noir Pond Haddock','interdum venenatis turpis enim blandit mi in porttitor pede justo eu massa donec dapibus','4',2,950.96,167,'product-image-1595193271799.jpg','product-image-1595193271792.jpg','2020-07-28 02:28:31',NULL,NULL),(5,'Mint - Fresh','nisi at nibh in hac habitasse platea dictumst aliquam augue quam sollicitudin vitae consectetuer eget rutrum at','0',1,1882.94,143,'product-image-1595193271799.jpg','product-image-1595193271792.jpg','2020-07-27 05:12:58',NULL,NULL),(6,'Chocolate - Unsweetened','luctus et ultrices posuere cubilia curae donec pharetra magna vestibulum aliquet ultrices erat tortor sollicitudin mi sit amet lobortis sapien sapien non mi','0',6,1522.05,158,'product-image-1595193271799.jpg','product-image-1595193271792.jpg','2020-07-30 03:43:39',NULL,NULL),(7,'Kirsch - Schloss','erat eros viverra eget congue eget semper rutrum nulla nunc purus phasellus in felis','2',4,1563.43,196,'product-image-1595193271799.jpg','product-image-1595193271792.jpg','2020-07-30 05:05:13',NULL,NULL),(8,'7up Diet, 355 Ml','at velit eu est congue elementum in hac habitasse platea dictumst morbi vestibulum velit','10',3,1576.09,200,'product-image-1595193271799.jpg','product-image-1595193271792.jpg','2020-07-29 21:38:06',NULL,NULL),(9,'Figs','rhoncus mauris enim leo rhoncus','11',2,1877.05,7,'product-image-1595193271799.jpg','product-image-1595193271792.jpg','2020-07-28 08:07:32',NULL,NULL),(10,'Soup Campbells - Tomato Bisque','luctus et ultrices posuere cubilia curae donec pharetra','0',3,1645.34,69,'product-image-1595193271799.jpg','product-image-1595193271792.jpg','2020-07-30 15:40:55',NULL,NULL),(11,'Otomegusa Dashi Konbu','justo aliquam quis turpis eget elit sodales scelerisque mauris sit amet eros suspendisse accumsan tortor quis turpis sed ante','12',5,584.44,157,'product-image-1595193271799.jpg','product-image-1595193271792.jpg','2020-07-29 21:26:32',NULL,NULL),(12,'Sugar - Cubes','vestibulum quam sapien varius ut blandit non interdum in ante vestibulum ante ipsum primis in faucibus orci luctus et ultrices posuere cubilia','12',1,2098.77,43,'product-image-1595193271799.jpg','product-image-1595193271792.jpg','2020-07-28 12:43:32',NULL,NULL),(13,'Wine - Magnotta - Belpaese','volutpat in congue etiam justo etiam pretium iaculis justo in hac habitasse platea dictumst etiam faucibus cursus urna','0',4,388.23,59,'product-image-1595193271799.jpg','product-image-1595193271792.jpg','2020-07-29 18:37:09',NULL,NULL),(14,'French Kiss Vanilla','leo odio condimentum id luctus nec molestie sed justo pellentesque viverra pede ac diam cras pellentesque','10',4,1709.77,72,'product-image-1595193271799.jpg','product-image-1595193271792.jpg','2020-07-27 12:45:41',NULL,NULL),(15,'Toamtoes 6x7 Select','luctus et ultrices posuere cubilia curae mauris viverra diam vitae quam suspendisse potenti nullam porttitor lacus at turpis','12',5,1399.88,12,'product-image-1595193271799.jpg','product-image-1595193271792.jpg','2020-07-28 11:36:44',NULL,NULL),(16,'Cheese - Shred Cheddar / Mozza','congue etiam justo etiam pretium iaculis justo in hac habitasse platea dictumst etiam','0',5,936.89,40,'product-image-1595193271799.jpg','product-image-1595193271792.jpg','2020-07-28 20:24:16',NULL,NULL),(17,'Pepper - Chillies, Crushed','vestibulum sed magna at nunc commodo placerat praesent blandit nam nulla integer pede','9',3,1206.59,137,'product-image-1595193271799.jpg','product-image-1595193271792.jpg','2020-07-27 03:47:26',NULL,NULL),(18,'Snapple - Iced Tea Peach','magnis dis parturient montes nascetur ridiculus mus etiam vel augue vestibulum rutrum rutrum','7',2,60.94,62,'product-image-1595193271799.jpg','product-image-1595193271792.jpg','2020-07-30 19:51:11',NULL,NULL),(19,'Pork - Backfat','nunc proin at turpis a pede posuere nonummy integer non velit donec diam','5',2,916.21,105,'product-image-1595193271799.jpg','product-image-1595193271792.jpg','2020-07-29 17:15:37',NULL,NULL),(20,'Momiji Oroshi Chili Sauce','eleifend quam a odio in hac habitasse platea dictumst maecenas ut massa quis augue luctus tincidunt nulla mollis','0',6,1386.45,122,'product-image-1595193271799.jpg','product-image-1595193271792.jpg','2020-07-28 19:46:16',NULL,NULL),(21,'Chocolate - Pistoles, Lactee, Milk','nec nisi volutpat eleifend donec ut dolor','3',5,290.11,155,'product-image-1595193271799.jpg','product-image-1595193271792.jpg','2020-07-30 11:41:27',NULL,NULL),(22,'Tarragon - Primerba, Paste','rhoncus dui vel sem sed sagittis nam congue risus semper porta volutpat quam pede','3',1,364.21,112,'product-image-1595193271799.jpg','product-image-1595193271792.jpg','2020-07-27 12:01:09',NULL,NULL),(23,'Cheese - Parmesan Cubes','mi in porttitor pede justo eu massa donec dapibus duis at velit eu est congue elementum in hac habitasse','0',5,166.48,156,'product-image-1595193271799.jpg','product-image-1595193271792.jpg','2020-07-30 04:38:34',NULL,NULL),(24,'Nantucket - Carrot Orange','magna ac consequat metus sapien ut nunc vestibulum ante','0',5,364.43,21,'product-image-1595193271799.jpg','product-image-1595193271792.jpg','2020-07-28 08:39:13',NULL,NULL),(25,'Wine - White, Mosel Gold','suspendisse potenti cras in purus eu magna vulputate luctus cum sociis natoque penatibus et magnis dis parturient montes nascetur ridiculus mus','2',6,1937.30,167,'product-image-1595193271799.jpg','product-image-1595193271792.jpg','2020-07-30 07:10:56',NULL,NULL),(26,'Cheese - Taleggio D.o.p.','nulla sed vel enim sit amet nunc viverra dapibus nulla suscipit ligula in lacus curabitur at ipsum ac tellus semper interdum mauris','0',6,2110.07,181,'product-image-1595193271799.jpg','product-image-1595193271792.jpg','2020-07-27 07:07:42',NULL,NULL),(27,'Bar Nature Valley','a suscipit nulla elit ac nulla sed vel enim sit amet nunc','0',6,2243.20,52,'product-image-1595193271799.jpg','product-image-1595193271792.jpg','2020-07-29 10:43:58',NULL,NULL),(28,'Pepper - Cubanelle','varius ut blandit non interdum in ante vestibulum ante ipsum primis in faucibus orci luctus et ultrices posuere cubilia','9',3,2161.68,166,'product-image-1595193271799.jpg','product-image-1595193271792.jpg','2020-07-29 22:21:54',NULL,NULL),(29,'Cranberries - Frozen','ligula sit amet eleifend pede libero quis orci nullam','7',6,1409.20,45,'product-image-1595193271799.jpg','product-image-1595193271792.jpg','2020-07-29 11:23:41',NULL,NULL),(30,'Chocolate Bar - Smarties','morbi vel lectus in quam fringilla rhoncus','0',1,1481.22,125,'product-image-1595193271799.jpg','product-image-1595193271792.jpg','2020-07-27 06:53:43',NULL,NULL),(31,'Lid Coffee Cup 8oz Blk','ac est lacinia nisi venenatis tristique fusce congue diam id ornare imperdiet sapien urna pretium nisl ut volutpat sapien arcu sed augue aliquam','1',6,1452.36,54,'product-image-1595193271799.jpg','product-image-1595193271792.jpg','2020-07-27 15:08:38',NULL,NULL),(32,'Soy Protein','metus aenean fermentum donec ut mauris eget massa tempor','0',4,336.80,102,'product-image-1595193271799.jpg','product-image-1595193271792.jpg','2020-07-29 03:39:03',NULL,NULL),(33,'Dooleys Toffee','eu felis fusce posuere felis sed lacus morbi sem mauris laoreet ut rhoncus aliquet pulvinar sed nisl nunc rhoncus dui vel sem sed','5',3,806.29,134,'product-image-1595193271799.jpg','product-image-1595193271792.jpg','2020-07-29 09:20:19',NULL,NULL),(34,'Kiwi','tristique est et tempus semper est quam pharetra magna','0',5,1596.80,161,'product-image-1595193271799.jpg','product-image-1595193271792.jpg','2020-07-29 20:17:25',NULL,NULL),(35,'Mustard - Dry, Powder','nulla eget eros elementum pellentesque quisque porta volutpat erat quisque','0',4,2018.55,88,'product-image-1595193271799.jpg','product-image-1595193271792.jpg','2020-07-30 07:29:11',NULL,NULL),(36,'Cookie Choc','magna bibendum imperdiet nullam orci pede venenatis','6',6,71.62,140,'product-image-1595193271799.jpg','product-image-1595193271792.jpg','2020-07-28 13:06:30',NULL,NULL),(37,'Puree - Raspberry','eu sapien cursus vestibulum proin eu mi nulla ac enim in tempor turpis nec','9',5,680.95,56,'product-image-1595193271799.jpg','product-image-1595193271792.jpg','2020-07-28 10:41:19',NULL,NULL),(38,'Cheese - Parmesan Grated','condimentum curabitur in libero ut massa volutpat','7',1,2306.35,99,'product-image-1595193271799.jpg','product-image-1595193271792.jpg','2020-07-27 03:59:05',NULL,NULL),(39,'Wine - Conde De Valdemar','pellentesque quisque porta volutpat erat quisque erat eros','12',1,2115.00,55,'product-image-1595193271799.jpg','product-image-1595193271792.jpg','2020-07-29 15:15:45',NULL,NULL),(40,'Black Currants','magnis dis parturient montes nascetur ridiculus mus vivamus vestibulum sagittis sapien cum sociis natoque penatibus et magnis','0',2,2322.50,6,'product-image-1595193271799.jpg','product-image-1595193271792.jpg','2020-07-29 13:06:38',NULL,NULL),(41,'Pork - Ham Hocks - Smoked','morbi vel lectus in quam fringilla rhoncus mauris enim leo rhoncus sed vestibulum sit amet cursus id turpis integer aliquet','10',4,1407.76,167,'product-image-1595193271799.jpg','product-image-1595193271792.jpg','2020-07-27 11:10:07',NULL,NULL),(42,'Sugar - Icing','nec condimentum neque sapien placerat ante nulla justo aliquam quis turpis eget elit','9',1,1501.86,4,'product-image-1595193271799.jpg','product-image-1595193271792.jpg','2020-07-29 02:15:54',NULL,NULL),(43,'Oil - Grapeseed Oil','feugiat non pretium quis lectus suspendisse potenti in eleifend quam a odio in hac','0',3,81.48,71,'product-image-1595193271799.jpg','product-image-1595193271792.jpg','2020-07-28 21:06:08',NULL,NULL),(44,'Pepper - Chipotle, Canned','ante ipsum primis in faucibus orci luctus et ultrices posuere cubilia','3',1,2048.80,73,'product-image-1595193271799.jpg','product-image-1595193271792.jpg','2020-07-29 18:57:00',NULL,NULL),(45,'Mushroom - King Eryingii','luctus et ultrices posuere cubilia curae duis faucibus accumsan odio curabitur convallis duis consequat dui nec nisi volutpat eleifend donec','0',3,109.18,27,'product-image-1595193271799.jpg','product-image-1595193271792.jpg','2020-07-30 05:52:32',NULL,NULL),(46,'Barley - Pearl','diam erat fermentum justo nec condimentum neque sapien placerat ante nulla justo aliquam quis turpis eget elit sodales scelerisque','0',3,1713.60,134,'product-image-1595193271799.jpg','product-image-1595193271792.jpg','2020-07-28 01:19:53',NULL,NULL),(47,'Energy Drink - Redbull 355ml','justo eu massa donec dapibus duis at velit eu est congue elementum in hac habitasse platea','9',6,1321.90,25,'product-image-1595193271799.jpg','product-image-1595193271792.jpg','2020-07-28 13:49:43',NULL,NULL),(48,'Dc - Sakura Fu','integer ac neque duis bibendum morbi non quam nec dui luctus','1',2,2490.74,167,'product-image-1595193271799.jpg','product-image-1595193271792.jpg','2020-07-31 02:09:37',NULL,NULL),(49,'Sauce - Chili','nisl nunc rhoncus dui vel sem sed sagittis nam congue','3',5,1882.04,143,'product-image-1595193271799.jpg','product-image-1595193271792.jpg','2020-07-31 01:29:09',NULL,NULL),(50,'Water - Mineral, Natural','pede posuere nonummy integer non velit donec diam neque vestibulum eget vulputate','0',5,389.76,98,'product-image-1595193271799.jpg','product-image-1595193271792.jpg','2020-07-27 21:24:05',NULL,NULL),(51,'Pickles - Gherkins','odio curabitur convallis duis consequat dui nec nisi volutpat eleifend donec ut dolor morbi vel lectus in quam fringilla rhoncus mauris','0',2,2160.11,115,'product-image-1595193271799.jpg','product-image-1595193271792.jpg','2020-07-27 08:45:17',NULL,NULL),(52,'Hagen Daza - Dk Choocolate','ut rhoncus aliquet pulvinar sed nisl','1',2,95.01,123,'product-image-1595193271799.jpg','product-image-1595193271792.jpg','2020-07-30 01:05:55',NULL,NULL),(53,'Jam - Strawberry, 20 Ml Jar','auctor gravida sem praesent id massa id nisl venenatis lacinia aenean sit amet justo morbi ut odio cras mi pede malesuada in','3',6,359.02,78,'product-image-1595193271799.jpg','product-image-1595193271792.jpg','2020-07-30 11:34:19',NULL,NULL),(54,'Urban Zen Drinks','et ultrices posuere cubilia curae duis faucibus accumsan odio curabitur convallis duis consequat dui nec nisi volutpat eleifend donec ut dolor morbi vel lectus in','0',6,1258.91,104,'product-image-1595193271799.jpg','product-image-1595193271792.jpg','2020-07-29 16:49:03',NULL,NULL),(55,'Wonton Wrappers','nullam porttitor lacus at turpis donec posuere metus vitae ipsum aliquam non mauris morbi non lectus aliquam sit amet diam','0',5,886.68,76,'product-image-1595193271799.jpg','product-image-1595193271792.jpg','2020-07-29 18:58:20',NULL,NULL),(56,'Beef - Cooked, Corned','eu est congue elementum in hac habitasse platea dictumst morbi vestibulum velit id pretium','12',5,214.70,199,'product-image-1595193271799.jpg','product-image-1595193271792.jpg','2020-07-27 20:51:26',NULL,NULL),(57,'Soup - Base Broth Chix','mi in porttitor pede justo eu massa donec dapibus duis at velit eu est congue elementum in','5',4,368.06,171,'product-image-1595193271799.jpg','product-image-1595193271792.jpg','2020-07-30 21:34:47',NULL,NULL),(58,'Soup - Campbells Broccoli','enim in tempor turpis nec euismod scelerisque quam turpis adipiscing lorem vitae mattis nibh ligula nec sem duis aliquam convallis nunc proin at turpis a','11',1,207.34,92,'product-image-1595193271799.jpg','product-image-1595193271792.jpg','2020-07-28 00:46:29',NULL,NULL),(59,'Bonito Flakes - Toku Katsuo','augue vestibulum rutrum rutrum neque aenean auctor gravida sem praesent id massa','0',3,2035.28,188,'product-image-1595193271799.jpg','product-image-1595193271792.jpg','2020-07-27 20:59:11',NULL,NULL),(60,'Lid Coffee Cup 8oz Blk','fusce posuere felis sed lacus morbi sem mauris laoreet ut rhoncus aliquet pulvinar sed nisl nunc rhoncus','0',2,1253.35,2,'product-image-1595193271799.jpg','product-image-1595193271792.jpg','2020-07-31 01:26:16',NULL,NULL),(61,'Sauce - Soy Low Sodium - 3.87l','accumsan tortor quis turpis sed ante vivamus tortor duis mattis egestas metus aenean fermentum donec','0',4,1821.95,26,'product-image-1595193271799.jpg','product-image-1595193271792.jpg','2020-07-29 13:06:37',NULL,NULL),(62,'Honey - Liquid','faucibus orci luctus et ultrices','9',3,2039.63,17,'product-image-1595193271799.jpg','product-image-1595193271792.jpg','2020-07-30 01:48:54',NULL,NULL),(63,'Wine - Malbec Trapiche Reserve','viverra eget congue eget semper','5',2,779.34,172,'product-image-1595193271799.jpg','product-image-1595193271792.jpg','2020-07-29 16:05:17',NULL,NULL),(64,'Flour - All Purpose','eu est congue elementum in hac habitasse platea dictumst morbi vestibulum velit','12',5,248.48,126,'product-image-1595193271799.jpg','product-image-1595193271792.jpg','2020-07-28 08:59:42',NULL,NULL),(65,'Beans - Fava Fresh','curabitur at ipsum ac tellus semper interdum mauris ullamcorper purus sit amet nulla quisque arcu libero rutrum ac lobortis vel','9',2,516.15,123,'product-image-1595193271799.jpg','product-image-1595193271792.jpg','2020-07-29 16:46:47',NULL,NULL),(66,'Rice - 7 Grain Blend','augue vel accumsan tellus nisi eu orci mauris lacinia sapien quis libero nullam sit amet turpis elementum ligula vehicula consequat morbi a ipsum integer a','10',4,2089.40,137,'product-image-1595193271799.jpg','product-image-1595193271792.jpg','2020-07-29 08:03:46',NULL,NULL),(67,'Cookies - Fortune','libero convallis eget eleifend luctus','5',1,1930.70,99,'product-image-1595193271799.jpg','product-image-1595193271792.jpg','2020-07-29 15:51:59',NULL,NULL),(68,'Muffin - Banana Nut Individual','vivamus tortor duis mattis egestas metus aenean','12',5,1512.24,155,'product-image-1595193271799.jpg','product-image-1595193271792.jpg','2020-07-30 00:34:50',NULL,NULL),(69,'Jam - Marmalade, Orange','consequat ut nulla sed accumsan felis ut at dolor quis odio consequat varius integer ac','3',3,1486.88,145,'product-image-1595193271799.jpg','product-image-1595193271792.jpg','2020-07-27 22:17:17',NULL,NULL),(70,'Cleaner - Bleach','phasellus in felis donec semper sapien a libero nam dui proin leo odio porttitor id','1',3,435.20,94,'product-image-1595193271799.jpg','product-image-1595193271792.jpg','2020-07-28 18:27:58',NULL,NULL),(71,'Capers - Pickled','nam dui proin leo odio porttitor id consequat in consequat ut nulla sed accumsan felis ut at dolor quis odio consequat varius integer ac leo','0',1,137.55,58,'product-image-1595193271799.jpg','product-image-1595193271792.jpg','2020-07-31 02:50:44',NULL,NULL),(72,'Sprite - 355 Ml','ante vel ipsum praesent blandit lacinia erat vestibulum sed magna at nunc commodo placerat praesent blandit nam nulla integer pede justo lacinia eget','0',2,93.02,180,'product-image-1595193271799.jpg','product-image-1595193271792.jpg','2020-07-29 15:55:32',NULL,NULL),(73,'Chinese Foods - Cantonese','lectus in quam fringilla rhoncus mauris enim leo rhoncus sed vestibulum sit amet cursus id turpis integer aliquet massa id','0',1,447.86,91,'product-image-1595193271799.jpg','product-image-1595193271792.jpg','2020-07-28 07:03:05',NULL,NULL),(74,'Pike - Frozen Fillet','ridiculus mus etiam vel augue vestibulum rutrum rutrum neque aenean auctor gravida sem praesent id massa id nisl venenatis lacinia aenean sit amet','0',3,930.38,152,'product-image-1595193271799.jpg','product-image-1595193271792.jpg','2020-07-30 14:07:09',NULL,NULL),(75,'Beets','congue etiam justo etiam pretium iaculis justo in hac habitasse platea dictumst etiam faucibus cursus urna ut','0',2,1755.89,17,'product-image-1595193271799.jpg','product-image-1595193271792.jpg','2020-07-27 08:30:21',NULL,NULL),(76,'Bread - Granary Small Pull','ultrices vel augue vestibulum ante ipsum primis in faucibus orci luctus et ultrices posuere cubilia curae','1',1,2181.02,24,'product-image-1595193271799.jpg','product-image-1595193271792.jpg','2020-07-30 14:11:47',NULL,NULL),(77,'Gelatine Leaves - Bulk','blandit ultrices enim lorem ipsum dolor sit amet consectetuer adipiscing elit proin interdum mauris non ligula pellentesque ultrices phasellus id sapien in sapien iaculis congue','10',3,2246.40,45,'product-image-1595193271799.jpg','product-image-1595193271792.jpg','2020-07-28 20:34:37',NULL,NULL),(78,'Beer - Corona','nulla nunc purus phasellus in felis donec semper sapien a libero nam dui proin leo odio porttitor id consequat in consequat ut','6',4,792.33,191,'product-image-1595193271799.jpg','product-image-1595193271792.jpg','2020-07-27 07:49:22',NULL,NULL),(79,'Beer - Corona','lacus at turpis donec posuere metus vitae ipsum aliquam non mauris morbi non lectus aliquam sit amet diam in magna bibendum imperdiet','0',3,1953.46,55,'product-image-1595193271799.jpg','product-image-1595193271792.jpg','2020-07-31 01:33:09',NULL,NULL),(80,'Cheese - Havarti, Roasted Garlic','nisl ut volutpat sapien arcu sed augue aliquam erat volutpat in congue etiam justo etiam pretium iaculis justo in hac habitasse platea dictumst etiam','11',1,570.55,26,'product-image-1595193271799.jpg','product-image-1595193271792.jpg','2020-07-28 20:37:47',NULL,NULL),(81,'Wine - White, Gewurtzraminer','leo odio porttitor id consequat','0',6,1300.94,75,'product-image-1595193271799.jpg','product-image-1595193271792.jpg','2020-07-30 05:36:18',NULL,NULL),(82,'Pasta - Orecchiette','eget tincidunt eget tempus vel pede morbi porttitor lorem id ligula suspendisse ornare consequat','3',3,2148.16,61,'product-image-1595193271799.jpg','product-image-1595193271792.jpg','2020-07-30 09:48:53',NULL,NULL),(83,'Table Cloth 62x120 White','vestibulum ante ipsum primis in faucibus orci luctus et ultrices posuere cubilia curae duis faucibus accumsan odio curabitur','1',3,2005.23,166,'product-image-1595193271799.jpg','product-image-1595193271792.jpg','2020-07-27 16:41:22',NULL,NULL),(84,'Beef - Tender Tips','in quam fringilla rhoncus mauris enim leo rhoncus sed','4',3,1344.09,178,'product-image-1595193271799.jpg','product-image-1595193271792.jpg','2020-07-29 05:58:52',NULL,NULL),(85,'Soup - Campbells, Butternut','sapien cursus vestibulum proin eu mi nulla','0',2,1303.19,84,'product-image-1595193271799.jpg','product-image-1595193271792.jpg','2020-07-28 21:38:54',NULL,NULL),(86,'Veal - Insides Provini','sem sed sagittis nam congue risus semper porta','10',3,28.12,83,'product-image-1595193271799.jpg','product-image-1595193271792.jpg','2020-07-27 06:58:52',NULL,NULL),(87,'Okra','bibendum morbi non quam nec dui luctus rutrum nulla tellus in sagittis dui vel nisl duis ac','4',2,1212.05,21,'product-image-1595193271799.jpg','product-image-1595193271792.jpg','2020-07-28 20:24:16',NULL,NULL),(88,'Papadam','sed tincidunt eu felis fusce posuere felis sed lacus morbi sem mauris laoreet ut rhoncus aliquet pulvinar sed nisl','12',3,25.44,72,'product-image-1595193271799.jpg','product-image-1595193271792.jpg','2020-07-29 06:44:41',NULL,NULL),(89,'Chips - Potato Jalapeno','a feugiat et eros vestibulum','7',6,1945.80,125,'product-image-1595193271799.jpg','product-image-1595193271792.jpg','2020-07-27 16:40:46',NULL,NULL),(90,'Magnotta - Bel Paese White','posuere felis sed lacus morbi sem','5',6,1799.18,44,'product-image-1595193271799.jpg','product-image-1595193271792.jpg','2020-07-30 19:30:11',NULL,NULL),(91,'Chocolate Eclairs','id sapien in sapien iaculis congue vivamus metus arcu','2',6,1026.70,153,'product-image-1595193271799.jpg','product-image-1595193271792.jpg','2020-07-30 15:49:14',NULL,NULL),(92,'Apple - Delicious, Red','aenean fermentum donec ut mauris eget massa tempor convallis nulla neque libero convallis eget eleifend luctus','7',1,245.67,133,'product-image-1595193271799.jpg','product-image-1595193271792.jpg','2020-07-27 04:52:52',NULL,NULL),(93,'Sauce - Salsa','fusce consequat nulla nisl nunc nisl duis bibendum felis sed interdum venenatis turpis enim blandit mi in porttitor pede justo','0',3,2462.76,124,'product-image-1595193271799.jpg','product-image-1595193271792.jpg','2020-07-30 11:13:56',NULL,NULL),(94,'Clam Nectar','proin eu mi nulla ac enim in tempor turpis nec euismod scelerisque quam','0',3,2482.13,46,'product-image-1595193271799.jpg','product-image-1595193271792.jpg','2020-07-28 14:22:06',NULL,NULL),(95,'Vaccum Bag - 14x20','ac leo pellentesque ultrices mattis odio donec vitae nisi nam ultrices libero non mattis pulvinar nulla pede ullamcorper augue a suscipit nulla elit ac','4',2,2259.13,156,'product-image-1595193271799.jpg','product-image-1595193271792.jpg','2020-07-30 14:36:37',NULL,NULL),(96,'Truffle Shells - Semi - Sweet','volutpat in congue etiam justo etiam pretium iaculis justo in hac habitasse platea dictumst etiam faucibus cursus urna ut tellus nulla ut','10',5,397.07,129,'product-image-1595193271799.jpg','product-image-1595193271792.jpg','2020-07-28 17:32:22',NULL,NULL),(97,'Pastry - Cheese Baked Scones','cubilia curae mauris viverra diam vitae quam suspendisse','0',6,727.08,158,'product-image-1595193271799.jpg','product-image-1595193271792.jpg','2020-07-27 18:16:32',NULL,NULL),(98,'Table Cloth 144x90 White','in consequat ut nulla sed accumsan felis ut at','3',4,2222.46,197,'product-image-1595193271799.jpg','product-image-1595193271792.jpg','2020-07-28 13:37:02',NULL,NULL),(99,'Extract - Lemon','sagittis sapien cum sociis natoque penatibus et magnis dis parturient montes nascetur ridiculus mus etiam vel augue vestibulum rutrum','5',6,669.50,90,'product-image-1595193271799.jpg','product-image-1595193271792.jpg','2020-07-28 09:29:45',NULL,NULL),(100,'Grenadillo','aenean sit amet justo morbi ut odio cras mi pede malesuada in imperdiet et commodo vulputate justo in blandit ultrices enim','0',6,1802.42,67,'product-image-1595193271799.jpg','product-image-1595193271792.jpg','2020-07-27 21:50:10',NULL,NULL),(101,'Beef Ground Medium','nulla integer pede justo lacinia eget tincidunt','7',5,424.50,162,'product-image-1595193271799.jpg','product-image-1595193271792.jpg','2020-07-30 14:36:05',NULL,NULL),(102,'Beer - Upper Canada Lager','amet consectetuer adipiscing elit proin interdum mauris non ligula pellentesque ultrices phasellus id sapien in sapien iaculis congue vivamus','11',6,319.69,125,'product-image-1595193271799.jpg','product-image-1595193271792.jpg','2020-07-30 03:26:35',NULL,NULL),(103,'Fork - Plastic','congue eget semper rutrum nulla nunc purus phasellus in felis donec semper sapien a libero nam','0',6,1335.62,70,'product-image-1595193271799.jpg','product-image-1595193271792.jpg','2020-07-27 09:58:45',NULL,NULL),(104,'Juice - Orange','at turpis donec posuere metus vitae','0',6,2386.11,30,'product-image-1595193271799.jpg','product-image-1595193271792.jpg','2020-07-27 21:08:00',NULL,NULL),(105,'Cake Slab','eget rutrum at lorem integer tincidunt ante vel ipsum','11',3,1347.41,164,'product-image-1595193271799.jpg','product-image-1595193271792.jpg','2020-07-27 11:28:42',NULL,NULL),(106,'Beans - Fine','magna ac consequat metus sapien ut nunc vestibulum ante ipsum primis in faucibus orci luctus et ultrices posuere cubilia','0',6,1014.84,36,'product-image-1595193271799.jpg','product-image-1595193271792.jpg','2020-07-27 18:11:17',NULL,NULL),(107,'Ice Cream Bar - Rolo Cone','fermentum donec ut mauris eget massa tempor convallis nulla neque libero convallis eget eleifend luctus ultricies eu','0',1,1202.79,7,'product-image-1595193271799.jpg','product-image-1595193271792.jpg','2020-07-28 15:14:45',NULL,NULL),(108,'Puff Pastry - Sheets','orci pede venenatis non sodales sed tincidunt eu felis fusce','0',6,342.08,94,'product-image-1595193271799.jpg','product-image-1595193271792.jpg','2020-07-27 08:19:31',NULL,NULL),(109,'Syrup - Monin - Granny Smith','sapien urna pretium nisl ut volutpat sapien arcu sed augue aliquam erat volutpat in congue','12',1,1478.65,157,'product-image-1595193271799.jpg','product-image-1595193271792.jpg','2020-07-30 18:57:14',NULL,NULL),(110,'Arizona - Plum Green Tea','nonummy integer non velit donec diam neque vestibulum eget vulputate ut ultrices vel augue vestibulum ante ipsum primis in','0',1,1591.49,80,'product-image-1595193271799.jpg','product-image-1595193271792.jpg','2020-07-27 05:46:00',NULL,NULL),(111,'Wine - Magnotta - Bel Paese White','luctus cum sociis natoque penatibus et magnis dis parturient montes nascetur ridiculus mus','4',2,867.52,181,'product-image-1595193271799.jpg','product-image-1595193271792.jpg','2020-07-27 21:55:30',NULL,NULL),(112,'Crackers - Soda / Saltins','mattis nibh ligula nec sem duis aliquam convallis nunc proin at turpis a pede posuere nonummy integer non velit donec diam neque vestibulum eget','9',3,147.59,14,'product-image-1595193271799.jpg','product-image-1595193271792.jpg','2020-07-29 13:35:42',NULL,NULL),(113,'Cucumber - English','nisl ut volutpat sapien arcu sed augue aliquam erat volutpat in congue etiam justo etiam pretium iaculis justo','0',2,605.76,78,'product-image-1595193271799.jpg','product-image-1595193271792.jpg','2020-07-29 18:10:36',NULL,NULL),(114,'Wine - Blue Nun Qualitatswein','metus vitae ipsum aliquam non mauris morbi non lectus aliquam sit amet diam in magna bibendum imperdiet nullam orci pede venenatis non','6',6,590.51,6,'product-image-1595193271799.jpg','product-image-1595193271792.jpg','2020-07-27 10:09:36',NULL,NULL),(115,'Beef - Cooked, Corned','erat volutpat in congue etiam justo etiam pretium iaculis justo in hac habitasse','0',3,1847.64,96,'product-image-1595193271799.jpg','product-image-1595193271792.jpg','2020-07-28 00:49:07',NULL,NULL),(116,'Watercress','quam nec dui luctus rutrum nulla tellus in sagittis dui vel nisl duis ac nibh fusce lacus purus aliquet at feugiat non','0',5,1864.18,83,'product-image-1595193271799.jpg','product-image-1595193271792.jpg','2020-07-30 16:40:01',NULL,NULL),(117,'Flavouring - Orange','ut nunc vestibulum ante ipsum primis in faucibus orci luctus et ultrices posuere cubilia curae mauris viverra diam vitae quam suspendisse potenti','0',1,508.72,134,'product-image-1595193271799.jpg','product-image-1595193271792.jpg','2020-07-29 01:59:52',NULL,NULL),(118,'Puree - Raspberry','ultrices posuere cubilia curae mauris viverra diam vitae quam suspendisse potenti nullam porttitor lacus','7',2,2012.33,60,'product-image-1595193271799.jpg','product-image-1595193271792.jpg','2020-07-28 00:44:34',NULL,NULL),(119,'Wanton Wrap','magna vestibulum aliquet ultrices erat tortor sollicitudin mi sit amet lobortis sapien sapien non mi integer ac','8',3,1381.54,135,'product-image-1595193271799.jpg','product-image-1595193271792.jpg','2020-07-28 00:06:18',NULL,NULL),(120,'Food Colouring - Red','pede ac diam cras pellentesque volutpat dui maecenas tristique est','11',3,1083.46,136,'product-image-1595193271799.jpg','product-image-1595193271792.jpg','2020-07-28 12:10:18',NULL,NULL),(121,'Chocolate - Semi Sweet, Calets','quis augue luctus tincidunt nulla mollis','11',2,2231.48,120,'product-image-1595193271799.jpg','product-image-1595193271792.jpg','2020-07-28 22:35:33',NULL,NULL),(122,'Soup - Campbells Chili','in imperdiet et commodo vulputate justo in blandit ultrices enim','4',4,1882.31,113,'product-image-1595193271799.jpg','product-image-1595193271792.jpg','2020-07-30 13:50:40',NULL,NULL),(123,'Spic And Span All Purpose','vel augue vestibulum ante ipsum primis in faucibus orci luctus et','3',3,898.66,46,'product-image-1595193271799.jpg','product-image-1595193271792.jpg','2020-07-27 10:33:50',NULL,NULL),(124,'Rice - Aborio','ligula in lacus curabitur at ipsum ac tellus semper interdum mauris ullamcorper purus sit amet nulla quisque arcu libero','3',5,2342.79,118,'product-image-1595193271799.jpg','product-image-1595193271792.jpg','2020-07-30 15:29:54',NULL,NULL),(125,'V8 Splash Strawberry Banana','mattis pulvinar nulla pede ullamcorper augue a suscipit nulla elit ac nulla sed vel enim','0',2,662.84,98,'product-image-1595193271799.jpg','product-image-1595193271792.jpg','2020-07-28 18:45:51',NULL,NULL),(126,'Table Cloth 91x91 Colour','ultrices posuere cubilia curae nulla dapibus dolor vel est donec odio justo sollicitudin ut suscipit a feugiat et eros vestibulum ac est lacinia nisi venenatis','0',6,1389.75,123,'product-image-1595193271799.jpg','product-image-1595193271792.jpg','2020-07-28 21:10:14',NULL,NULL),(127,'Beets','iaculis congue vivamus metus arcu adipiscing molestie hendrerit at vulputate vitae nisl aenean lectus pellentesque eget nunc donec quis','3',4,1828.91,34,'product-image-1595193271799.jpg','product-image-1595193271792.jpg','2020-07-28 13:47:33',NULL,NULL),(128,'Oil - Sesame','nibh in lectus pellentesque at nulla suspendisse potenti cras in purus eu magna vulputate luctus cum','0',2,724.44,64,'product-image-1595193271799.jpg','product-image-1595193271792.jpg','2020-07-28 09:07:13',NULL,NULL),(129,'Miso - Soy Bean Paste','metus vitae ipsum aliquam non mauris morbi non lectus aliquam sit amet diam in magna bibendum imperdiet nullam orci pede venenatis non sodales sed tincidunt','4',3,1608.05,198,'product-image-1595193271799.jpg','product-image-1595193271792.jpg','2020-07-29 09:08:23',NULL,NULL),(130,'Coffee - Colombian, Portioned','fusce posuere felis sed lacus morbi sem mauris laoreet ut rhoncus aliquet pulvinar sed nisl nunc rhoncus dui','0',5,197.63,132,'product-image-1595193271799.jpg','product-image-1595193271792.jpg','2020-07-30 03:31:54',NULL,NULL),(131,'Oil - Pumpkinseed','ultrices posuere cubilia curae duis faucibus accumsan odio curabitur convallis duis consequat dui nec nisi volutpat eleifend donec ut dolor morbi vel lectus in','0',3,1161.86,144,'product-image-1595193271799.jpg','product-image-1595193271792.jpg','2020-07-30 11:45:54',NULL,NULL),(132,'Pork Ham Prager','maecenas tristique est et tempus semper est quam pharetra magna ac consequat metus sapien ut nunc','0',3,602.80,37,'product-image-1595193271799.jpg','product-image-1595193271792.jpg','2020-07-29 02:03:06',NULL,NULL),(133,'Garam Marsala','venenatis non sodales sed tincidunt eu felis fusce posuere felis','0',1,1715.76,36,'product-image-1595193271799.jpg','product-image-1595193271792.jpg','2020-07-28 14:39:33',NULL,NULL),(134,'Onions - Red Pearl','tortor sollicitudin mi sit amet lobortis sapien sapien non mi integer ac','8',3,519.12,182,'product-image-1595193271799.jpg','product-image-1595193271792.jpg','2020-07-30 15:42:25',NULL,NULL),(135,'Clementine','consequat nulla nisl nunc nisl duis bibendum felis','0',2,2448.47,118,'product-image-1595193271799.jpg','product-image-1595193271792.jpg','2020-07-28 10:18:37',NULL,NULL),(136,'Cheese - St. Andre','morbi sem mauris laoreet ut rhoncus aliquet pulvinar sed nisl nunc rhoncus dui vel sem sed sagittis nam','0',4,1821.80,53,'product-image-1595193271799.jpg','product-image-1595193271792.jpg','2020-07-30 22:38:39',NULL,NULL),(137,'Onions - Green','justo morbi ut odio cras mi pede malesuada in imperdiet et commodo vulputate','9',3,467.55,31,'product-image-1595193271799.jpg','product-image-1595193271792.jpg','2020-07-27 21:30:30',NULL,NULL),(138,'Garlic - Primerba, Paste','molestie hendrerit at vulputate vitae nisl aenean lectus pellentesque eget nunc donec','0',1,1634.22,160,'product-image-1595193271799.jpg','product-image-1595193271792.jpg','2020-07-29 01:04:17',NULL,NULL),(139,'Bread - Rolls, Corn','in hac habitasse platea dictumst aliquam augue quam sollicitudin vitae consectetuer eget rutrum at lorem','11',5,2265.13,39,'product-image-1595193271799.jpg','product-image-1595193271792.jpg','2020-07-29 02:58:46',NULL,NULL),(140,'Coffee Cup 16oz Foam','lacinia sapien quis libero nullam sit amet turpis elementum ligula vehicula consequat morbi a ipsum integer a nibh in quis justo maecenas rhoncus','0',4,2099.49,78,'product-image-1595193271799.jpg','product-image-1595193271792.jpg','2020-07-30 10:43:37',NULL,NULL),(141,'Sun - Dried Tomatoes','nisl duis bibendum felis sed interdum venenatis turpis enim blandit mi in porttitor','6',1,722.38,178,'product-image-1595193271799.jpg','product-image-1595193271792.jpg','2020-07-29 04:47:36',NULL,NULL),(142,'Beef - Salted','quis justo maecenas rhoncus aliquam lacus morbi quis tortor id nulla ultrices','3',5,154.12,114,'product-image-1595193271799.jpg','product-image-1595193271792.jpg','2020-07-27 14:54:57',NULL,NULL),(143,'Wine - White, Ej Gallo','orci luctus et ultrices posuere cubilia curae','7',2,1492.03,85,'product-image-1595193271799.jpg','product-image-1595193271792.jpg','2020-07-27 10:41:09',NULL,NULL),(144,'Lettuce - Treviso','dui proin leo odio porttitor id consequat in consequat ut nulla sed accumsan','11',4,453.59,162,'product-image-1595193271799.jpg','product-image-1595193271792.jpg','2020-07-28 19:12:53',NULL,NULL),(145,'Nut - Hazelnut, Whole','nulla facilisi cras non velit nec','0',6,866.47,141,'product-image-1595193271799.jpg','product-image-1595193271792.jpg','2020-07-27 16:00:02',NULL,NULL),(146,'Scallop - St. Jaques','consectetuer eget rutrum at lorem integer tincidunt ante vel ipsum praesent blandit lacinia erat vestibulum sed','6',5,1224.70,63,'product-image-1595193271799.jpg','product-image-1595193271792.jpg','2020-07-29 08:27:35',NULL,NULL),(147,'Cheese - Brie, Cups 125g','quisque porta volutpat erat quisque erat eros viverra eget congue eget semper rutrum nulla nunc purus phasellus in felis donec semper','0',5,2229.35,20,'product-image-1595193271799.jpg','product-image-1595193271792.jpg','2020-07-29 21:58:32',NULL,NULL),(148,'Latex Rubber Gloves Size 9','ipsum integer a nibh in quis justo maecenas rhoncus aliquam lacus morbi quis','0',3,314.87,4,'product-image-1595193271799.jpg','product-image-1595193271792.jpg','2020-07-29 04:22:04',NULL,NULL),(149,'Creme De Cacao Mcguines','turpis donec posuere metus vitae ipsum aliquam non mauris morbi non lectus aliquam sit amet diam','7',2,907.01,81,'product-image-1595193271799.jpg','product-image-1595193271792.jpg','2020-07-29 21:10:36',NULL,NULL),(150,'Soda Water - Club Soda, 355 Ml','adipiscing molestie hendrerit at vulputate vitae nisl aenean lectus pellentesque eget nunc donec quis orci eget orci','0',1,1849.43,71,'product-image-1595193271799.jpg','product-image-1595193271792.jpg','2020-07-30 01:12:39',NULL,NULL),(151,'Mini - Vol Au Vents','posuere cubilia curae donec pharetra magna vestibulum aliquet ultrices erat tortor sollicitudin mi sit amet lobortis sapien sapien non mi integer ac','0',2,1247.97,171,'product-image-1595193271799.jpg','product-image-1595193271792.jpg','2020-07-30 20:54:11',NULL,NULL),(152,'Pepper - Black, Ground','in congue etiam justo etiam pretium iaculis justo in hac habitasse platea','0',3,1949.36,35,'product-image-1595193271799.jpg','product-image-1595193271792.jpg','2020-07-29 06:35:55',NULL,NULL),(153,'Mussels - Frozen','pellentesque volutpat dui maecenas tristique est et','0',2,98.17,119,'product-image-1595193271799.jpg','product-image-1595193271792.jpg','2020-07-29 15:29:03',NULL,NULL),(154,'Dc - Sakura Fu','eu interdum eu tincidunt in leo maecenas pulvinar lobortis est phasellus sit amet erat nulla','0',2,1095.65,56,'product-image-1595193271799.jpg','product-image-1595193271792.jpg','2020-07-29 19:12:35',NULL,NULL),(155,'Bagel - Whole White Sesame','volutpat sapien arcu sed augue aliquam erat volutpat in congue etiam justo etiam pretium iaculis justo in hac habitasse platea dictumst etiam','11',1,2424.43,167,'product-image-1595193271799.jpg','product-image-1595193271792.jpg','2020-07-30 20:12:41',NULL,NULL),(156,'Sambuca Cream','nisi venenatis tristique fusce congue diam id ornare imperdiet sapien','0',6,1622.86,178,'product-image-1595193271799.jpg','product-image-1595193271792.jpg','2020-07-27 08:29:47',NULL,NULL),(157,'Wine - Red, Colio Cabernet','nulla suspendisse potenti cras in purus eu magna vulputate luctus cum sociis natoque penatibus et magnis dis parturient montes nascetur','0',4,583.20,90,'product-image-1595193271799.jpg','product-image-1595193271792.jpg','2020-07-28 04:42:21',NULL,NULL),(158,'Beef - Ground Lean Fresh','tempus sit amet sem fusce consequat nulla nisl nunc nisl duis bibendum felis sed interdum venenatis turpis','12',2,221.60,200,'product-image-1595193271799.jpg','product-image-1595193271792.jpg','2020-07-30 09:03:10',NULL,NULL),(159,'Sugar - Cubes','venenatis turpis enim blandit mi in porttitor pede justo eu massa donec dapibus duis at velit eu est congue elementum in hac','3',5,2011.54,63,'product-image-1595193271799.jpg','product-image-1595193271792.jpg','2020-07-30 23:05:43',NULL,NULL),(160,'Champagne - Brights, Dry','metus sapien ut nunc vestibulum ante ipsum','8',2,1724.41,161,'product-image-1595193271799.jpg','product-image-1595193271792.jpg','2020-07-28 21:03:26',NULL,NULL),(161,'Wine - Casillero Deldiablo','curae duis faucibus accumsan odio curabitur convallis duis consequat dui nec nisi volutpat eleifend donec ut dolor morbi vel lectus in','0',2,1989.38,106,'product-image-1595193271799.jpg','product-image-1595193271792.jpg','2020-07-28 20:50:48',NULL,NULL),(162,'Lettuce - Curly Endive','sit amet eleifend pede libero quis orci nullam','0',1,1673.61,53,'product-image-1595193271799.jpg','product-image-1595193271792.jpg','2020-07-29 08:16:15',NULL,NULL),(163,'Filter - Coffee','odio elementum eu interdum eu tincidunt in leo maecenas pulvinar lobortis est','8',1,1139.00,107,'product-image-1595193271799.jpg','product-image-1595193271792.jpg','2020-07-30 18:29:44',NULL,NULL),(164,'Eel Fresh','ante ipsum primis in faucibus orci luctus et','1',3,2483.77,65,'product-image-1595193271799.jpg','product-image-1595193271792.jpg','2020-07-29 07:57:51',NULL,NULL),(165,'Longos - Chicken Cordon Bleu','erat vestibulum sed magna at nunc','10',5,2245.14,199,'product-image-1595193271799.jpg','product-image-1595193271792.jpg','2020-07-28 07:24:54',NULL,NULL),(166,'Samosa - Veg','non mauris morbi non lectus aliquam sit amet diam in magna bibendum imperdiet nullam orci pede','0',5,1668.19,181,'product-image-1595193271799.jpg','product-image-1595193271792.jpg','2020-07-29 17:59:58',NULL,NULL),(167,'Cheese - Parmesan Cubes','cum sociis natoque penatibus et magnis dis parturient montes nascetur ridiculus mus','2',6,1575.76,87,'product-image-1595193271799.jpg','product-image-1595193271792.jpg','2020-07-31 01:08:09',NULL,NULL),(168,'Coffee - Decafenated','sed interdum venenatis turpis enim blandit mi in porttitor pede justo eu massa donec dapibus duis','10',3,2403.33,181,'product-image-1595193271799.jpg','product-image-1595193271792.jpg','2020-07-29 04:31:51',NULL,NULL),(169,'Bread - White Mini Epi','justo etiam pretium iaculis justo in','0',1,174.40,117,'product-image-1595193271799.jpg','product-image-1595193271792.jpg','2020-07-30 05:17:34',NULL,NULL),(170,'Flour - So Mix Cake White','ipsum integer a nibh in quis justo maecenas rhoncus aliquam lacus morbi quis tortor id','0',2,1036.00,145,'product-image-1595193271799.jpg','product-image-1595193271792.jpg','2020-07-29 06:04:52',NULL,NULL),(171,'Cherries - Maraschino,jar','orci eget orci vehicula condimentum curabitur in libero ut massa volutpat convallis morbi odio odio elementum eu','8',6,2465.27,5,'product-image-1595193271799.jpg','product-image-1595193271792.jpg','2020-07-27 15:53:06',NULL,NULL),(172,'Chicken - Tenderloin','varius ut blandit non interdum in ante vestibulum ante ipsum primis in faucibus orci luctus et ultrices posuere cubilia curae duis faucibus accumsan','2',1,1278.09,174,'product-image-1595193271799.jpg','product-image-1595193271792.jpg','2020-07-29 01:02:00',NULL,NULL),(173,'Cookies - Englishbay Wht','molestie hendrerit at vulputate vitae nisl aenean lectus pellentesque eget nunc donec quis orci eget orci vehicula condimentum','12',5,1689.73,166,'product-image-1595193271799.jpg','product-image-1595193271792.jpg','2020-07-30 06:52:19',NULL,NULL),(174,'Beef - Tenderlion, Center Cut','turpis donec posuere metus vitae ipsum aliquam non mauris morbi non','10',4,1328.55,44,'product-image-1595193271799.jpg','product-image-1595193271792.jpg','2020-07-27 06:12:42',NULL,NULL),(175,'Apple - Granny Smith','sed ante vivamus tortor duis mattis egestas metus aenean fermentum donec ut mauris eget massa tempor convallis nulla neque libero convallis eget eleifend luctus','1',6,2052.46,183,'product-image-1595193271799.jpg','product-image-1595193271792.jpg','2020-07-27 14:07:43',NULL,NULL),(176,'Yoghurt Tubes','tellus nisi eu orci mauris lacinia sapien quis libero nullam sit amet turpis elementum ligula vehicula consequat','0',1,1766.80,96,'product-image-1595193271799.jpg','product-image-1595193271792.jpg','2020-07-28 05:40:57',NULL,NULL),(177,'Eggplant - Asian','sapien placerat ante nulla justo aliquam quis turpis eget elit sodales','0',5,531.60,149,'product-image-1595193271799.jpg','product-image-1595193271792.jpg','2020-07-29 18:32:55',NULL,NULL),(178,'Wine - Chablis J Moreau Et Fils','nam congue risus semper porta volutpat quam pede lobortis ligula sit amet eleifend pede libero quis orci nullam','5',5,1284.05,141,'product-image-1595193271799.jpg','product-image-1595193271792.jpg','2020-07-29 17:29:44',NULL,NULL),(179,'Bread - Corn Muffaletta','aliquet pulvinar sed nisl nunc rhoncus dui vel sem sed','0',5,72.55,110,'product-image-1595193271799.jpg','product-image-1595193271792.jpg','2020-07-30 08:06:53',NULL,NULL),(180,'Durian Fruit','eget semper rutrum nulla nunc purus phasellus in felis donec semper sapien a libero nam dui proin leo odio','0',6,1368.97,17,'product-image-1595193271799.jpg','product-image-1595193271792.jpg','2020-07-27 04:25:51',NULL,NULL),(181,'Lentils - Green Le Puy','odio in hac habitasse platea dictumst','9',6,1159.91,38,'product-image-1595193271799.jpg','product-image-1595193271792.jpg','2020-07-29 04:29:48',NULL,NULL),(182,'Energy - Boo - Koo','consequat ut nulla sed accumsan felis ut at dolor quis odio consequat varius integer ac leo pellentesque ultrices mattis odio donec','5',6,1953.01,147,'product-image-1595193271799.jpg','product-image-1595193271792.jpg','2020-07-29 23:19:51',NULL,NULL),(183,'Sprouts Dikon','ultrices libero non mattis pulvinar nulla pede ullamcorper augue a suscipit nulla elit ac nulla sed vel','3',1,1962.71,54,'product-image-1595193271799.jpg','product-image-1595193271792.jpg','2020-07-27 19:44:50',NULL,NULL),(184,'Pepper - Chili Powder','cum sociis natoque penatibus et magnis dis parturient montes nascetur ridiculus mus vivamus vestibulum sagittis sapien cum sociis natoque penatibus et magnis dis','7',4,1180.08,184,'product-image-1595193271799.jpg','product-image-1595193271792.jpg','2020-07-30 20:17:24',NULL,NULL),(185,'Veal - Shank, Pieces','vestibulum sagittis sapien cum sociis natoque penatibus et magnis dis parturient montes nascetur ridiculus mus etiam','7',4,1817.42,45,'product-image-1595193271799.jpg','product-image-1595193271792.jpg','2020-07-27 07:18:54',NULL,NULL),(186,'Appetizer - Asian Shrimp Roll','id pretium iaculis diam erat fermentum justo nec condimentum neque sapien placerat ante nulla justo aliquam quis turpis eget elit sodales scelerisque mauris sit','9',5,1661.91,160,'product-image-1595193271799.jpg','product-image-1595193271792.jpg','2020-07-29 23:14:53',NULL,NULL),(187,'Chutney Sauce','primis in faucibus orci luctus et ultrices posuere cubilia curae nulla dapibus dolor vel est donec odio justo sollicitudin ut suscipit','9',5,1316.84,168,'product-image-1595193271799.jpg','product-image-1595193271792.jpg','2020-07-27 14:09:18',NULL,NULL),(188,'Wine - Alicanca Vinho Verde','nec nisi volutpat eleifend donec ut dolor morbi vel lectus in quam fringilla','8',4,1473.11,28,'product-image-1595193271799.jpg','product-image-1595193271792.jpg','2020-07-27 17:21:23',NULL,NULL),(189,'Clam Nectar','montes nascetur ridiculus mus vivamus vestibulum sagittis sapien cum sociis natoque penatibus et magnis dis parturient montes nascetur ridiculus mus etiam vel augue vestibulum rutrum','1',1,1678.00,173,'product-image-1595193271799.jpg','product-image-1595193271792.jpg','2020-07-29 15:52:12',NULL,NULL),(190,'Bar Mix - Lemon','sed augue aliquam erat volutpat in congue etiam justo etiam pretium iaculis justo in hac habitasse platea dictumst','6',2,1325.63,54,'product-image-1595193271799.jpg','product-image-1595193271792.jpg','2020-07-29 15:49:23',NULL,NULL),(191,'Napkin Colour','ligula pellentesque ultrices phasellus id sapien in sapien iaculis congue vivamus','0',2,2470.61,14,'product-image-1595193271799.jpg','product-image-1595193271792.jpg','2020-07-30 19:25:48',NULL,NULL),(192,'Pasta - Fusili, Dry','eleifend pede libero quis orci nullam molestie nibh in lectus pellentesque at nulla suspendisse potenti cras in purus eu magna vulputate luctus cum sociis natoque','0',2,315.52,16,'product-image-1595193271799.jpg','product-image-1595193271792.jpg','2020-07-29 06:20:10',NULL,NULL),(193,'Pesto - Primerba, Paste','semper sapien a libero nam dui proin leo odio porttitor id consequat in consequat ut nulla sed accumsan felis ut at dolor quis odio consequat','0',1,1367.73,181,'product-image-1595193271799.jpg','product-image-1595193271792.jpg','2020-07-28 20:48:28',NULL,NULL),(194,'Myers Planters Punch','in magna bibendum imperdiet nullam orci pede venenatis non sodales sed tincidunt eu felis fusce posuere felis sed lacus morbi sem','0',6,1431.97,36,'product-image-1595193271799.jpg','product-image-1595193271792.jpg','2020-07-30 08:35:13',NULL,NULL),(195,'Cornstarch','vestibulum quam sapien varius ut blandit non interdum in ante vestibulum ante ipsum primis in faucibus orci luctus et','0',6,539.14,157,'product-image-1595193271799.jpg','product-image-1595193271792.jpg','2020-07-29 07:01:43',NULL,NULL),(196,'Stock - Beef, White','ac enim in tempor turpis nec euismod scelerisque quam turpis adipiscing lorem vitae mattis nibh ligula nec sem duis','0',4,1528.40,110,'product-image-1595193271799.jpg','product-image-1595193271792.jpg','2020-07-28 08:07:07',NULL,NULL),(197,'Yoghurt Tubes','pretium iaculis justo in hac habitasse platea dictumst etiam faucibus cursus','0',2,934.72,171,'product-image-1595193271799.jpg','product-image-1595193271792.jpg','2020-07-27 10:08:04',NULL,NULL),(198,'Bread - Bagels, Mini','nullam orci pede venenatis non sodales sed tincidunt eu felis fusce posuere felis sed lacus morbi sem','11',5,2474.15,17,'product-image-1595193271799.jpg','product-image-1595193271792.jpg','2020-07-30 12:25:25',NULL,NULL),(199,'Leeks - Baby, White','duis bibendum morbi non quam nec dui luctus rutrum','6',6,1013.63,145,'product-image-1595193271799.jpg','product-image-1595193271792.jpg','2020-07-27 18:09:04',NULL,NULL),(200,'Veal - Striploin','mi sit amet lobortis sapien sapien non mi integer ac neque duis bibendum morbi non quam nec','5',4,1220.86,91,'product-image-1595193271799.jpg','product-image-1595193271792.jpg','2020-07-28 14:35:44',NULL,NULL);
/*!40000 ALTER TABLE `products` ENABLE KEYS */;
UNLOCK TABLES;

--
-- Table structure for table `sales`
--

DROP TABLE IF EXISTS `sales`;
/*!40101 SET @saved_cs_client     = @@character_set_client */;
/*!40101 SET character_set_client = utf8 */;
CREATE TABLE `sales` (
  `id` bigint(19) unsigned NOT NULL AUTO_INCREMENT,
  `total` decimal(10,0) NOT NULL,
  `observation` varchar(600) NOT NULL,
  `user_id` bigint(19) unsigned NOT NULL,
  `address_id` bigint(19) unsigned NOT NULL,
  `created_at` timestamp NULL DEFAULT NULL,
  `deleted_at` timestamp NULL DEFAULT NULL,
  `updated_at` timestamp NULL DEFAULT NULL,
  PRIMARY KEY (`id`),
  KEY `relationship e_idx` (`user_id`),
  KEY `fk_sales_addresses1_idx` (`address_id`),
  CONSTRAINT `fk_sales_addresses1` FOREIGN KEY (`address_id`) REFERENCES `addresses` (`id`) ON DELETE NO ACTION ON UPDATE NO ACTION,
  CONSTRAINT `relationship e` FOREIGN KEY (`user_id`) REFERENCES `users` (`id`) ON DELETE NO ACTION ON UPDATE NO ACTION
) ENGINE=InnoDB DEFAULT CHARSET=utf8;
/*!40101 SET character_set_client = @saved_cs_client */;

--
-- Dumping data for table `sales`
--

LOCK TABLES `sales` WRITE;
/*!40000 ALTER TABLE `sales` DISABLE KEYS */;
/*!40000 ALTER TABLE `sales` ENABLE KEYS */;
UNLOCK TABLES;

--
-- Table structure for table `users`
--

DROP TABLE IF EXISTS `users`;
/*!40101 SET @saved_cs_client     = @@character_set_client */;
/*!40101 SET character_set_client = utf8 */;
CREATE TABLE `users` (
  `id` bigint(19) unsigned NOT NULL,
  `name` varchar(45) NOT NULL,
  `last_name` varchar(45) NOT NULL,
  `email` varchar(45) NOT NULL,
  `password` varchar(100) NOT NULL,
  `phone_id` bigint(19) unsigned NOT NULL,
  `admin` tinyint(1) NOT NULL DEFAULT 0,
  `created_at` timestamp NULL DEFAULT NULL,
  `deleted_at` timestamp NULL DEFAULT NULL,
  `updated_at` timestamp NULL DEFAULT NULL,
  PRIMARY KEY (`id`),
  KEY `fk_users_phones1_idx` (`phone_id`),
  CONSTRAINT `fk_users_phones1` FOREIGN KEY (`phone_id`) REFERENCES `phones` (`id`) ON DELETE NO ACTION ON UPDATE NO ACTION
) ENGINE=InnoDB DEFAULT CHARSET=utf8;
/*!40101 SET character_set_client = @saved_cs_client */;

--
-- Dumping data for table `users`
--

LOCK TABLES `users` WRITE;
/*!40000 ALTER TABLE `users` DISABLE KEYS */;
INSERT INTO `users` VALUES (1,'Rodrigo','Moberley','rmoberley0@printfriendly.com','1d7lgtDwa',1,0,'2020-07-27 03:00:00',NULL,NULL),(2,'Delbert','Alliker','dalliker1@deliciousdays.com','gtxf5p337',2,0,'2020-07-27 03:00:00',NULL,NULL),(3,'Melisenda','Macieja','mmacieja2@instagram.com','C46SJR',3,0,'2020-07-27 03:00:00',NULL,NULL),(4,'Kellyann','Noye','knoye3@china.com.cn','z7zfglVHTKh',4,0,'2020-07-27 03:00:00',NULL,NULL),(5,'Huntington','Rowe','hrowe4@geocities.jp','1Yt14kV',5,0,'2020-07-27 03:00:00',NULL,NULL),(6,'Bourke','Gillease','bgillease5@i2i.jp','NAFd0Sm0l',6,0,'2020-07-27 03:00:00',NULL,NULL),(7,'Free','Grinyov','fgrinyov6@yelp.com','F5FIHgEbru',7,0,'2020-07-27 03:00:00',NULL,NULL),(8,'Ilaire','Blunsen','iblunsen7@google.pl','mgSCyR',8,0,'2020-07-27 03:00:00',NULL,NULL),(9,'Rubia','Mudd','rmudd8@tripadvisor.com','28IQbFQpB9a5',9,0,'2020-07-27 03:00:00',NULL,NULL),(10,'Elihu','Cowles','ecowles9@123-reg.co.uk','hnzAy7W',10,0,'2020-07-27 03:00:00',NULL,NULL),(11,'Larina','Hamer','lhamera@stumbleupon.com','oBZqvYrtZ',11,0,'2020-07-27 03:00:00',NULL,NULL),(12,'Demetris','Demann','ddemannb@hp.com','F7OT56',12,0,'2020-07-27 03:00:00',NULL,NULL),(13,'Menard','Brymner','mbrymnerc@furl.net','9OORqUYYr5Y',13,0,'2020-07-27 03:00:00',NULL,NULL),(14,'Uriel','Organ','uorgand@shop-pro.jp','wFd2FicDXz',14,0,'2020-07-27 03:00:00',NULL,NULL),(15,'Nertie','Barribal','nbarribale@clickbank.net','vLuh8gQPXDd',15,0,'2020-07-27 03:00:00',NULL,NULL),(16,'Shawna','Lanchberry','slanchberryf@wix.com','sYllwYpv',16,0,'2020-07-27 03:00:00',NULL,NULL),(17,'Nikkie','Reuter','nreuterg@irs.gov','Vqndp3',17,0,'2020-07-27 03:00:00',NULL,NULL),(18,'Dannie','Handover','dhandoverh@nyu.edu','5tDauiZ',18,0,'2020-07-27 03:00:00',NULL,NULL),(19,'Donnajean','Odegaard','dodegaardi@nbcnews.com','4C161a0RGPQ',19,0,'2020-07-27 03:00:00',NULL,NULL),(20,'Gerty','Dicty','gdictyj@homestead.com','LBKyH0',20,0,'2020-07-27 03:00:00',NULL,NULL),(21,'Teddy','Garshore','tgarshorek@wikipedia.org','HIapXDnPeR',21,0,'2020-07-27 03:00:00',NULL,NULL),(22,'Francine','Melato','fmelatol@walmart.com','mvctuyoeeWOy',22,0,'2020-07-27 03:00:00',NULL,NULL),(23,'Johna','Creasey','jcreaseym@ebay.com','nMM0x5c',23,0,'2020-07-27 03:00:00',NULL,NULL),(24,'Becca','Denziloe','bdenziloen@bravesites.com','atfd0A',24,0,'2020-07-27 03:00:00',NULL,NULL),(25,'Agneta','Giaomozzo','agiaomozzoo@edublogs.org','djsBZSe1lrx',25,0,'2020-07-27 03:00:00',NULL,NULL),(26,'Felecia','Lambrick','flambrickp@uol.com.br','lx5nsu',26,0,'2020-07-27 03:00:00',NULL,NULL),(27,'Cacilia','Devita','cdevitaq@gizmodo.com','zoMdwsVb',27,0,'2020-07-27 03:00:00',NULL,NULL),(28,'Danielle','Whitehorne','dwhitehorner@dot.gov','iSoroEub2R5',28,0,'2020-07-27 03:00:00',NULL,NULL),(29,'Rusty','Canet','rcanets@dmoz.org','l150TBVcZQ',29,0,'2020-07-27 03:00:00',NULL,NULL),(30,'Jenni','Blagdon','jblagdont@hibu.com','4dru17',30,0,'2020-07-27 03:00:00',NULL,NULL),(31,'Artemas','Sivess','asivessu@europa.eu','vH0CeBVi',31,0,'2020-07-27 03:00:00',NULL,NULL),(32,'Terrance','Moncey','tmonceyv@cargocollective.com','RXRkVTDEiw0',32,0,'2020-07-27 03:00:00',NULL,NULL),(33,'Gottfried','Bartoszewski','gbartoszewskiw@odnoklassniki.ru','W3zaHisAE',33,0,'2020-07-27 03:00:00',NULL,NULL),(34,'Lucienne','Wagner','lwagnerx@thetimes.co.uk','r4E49f6',34,0,'2020-07-27 03:00:00',NULL,NULL),(35,'Rhoda','McCulley','rmcculleyy@about.com','PBeoSGOQydu2',35,0,'2020-07-27 03:00:00',NULL,NULL),(36,'Lisle','Grason','lgrasonz@abc.net.au','aJkSAiTfR',36,0,'2020-07-27 03:00:00',NULL,NULL),(37,'Brook','Gadeaux','bgadeaux10@so-net.ne.jp','4pUBt7',37,0,'2020-07-27 03:00:00',NULL,NULL),(38,'Lindsey','Kinsell','lkinsell11@un.org','2ByH2GF',38,0,'2020-07-27 03:00:00',NULL,NULL),(39,'George','Caroline','gcaroline12@baidu.com','BdmOQ0Sw6hBz',39,0,'2020-07-27 03:00:00',NULL,NULL),(40,'Niel','Ablewhite','nablewhite13@omniture.com','eFqgeCmy',40,0,'2020-07-27 03:00:00',NULL,NULL),(41,'Taite','Sinnett','tsinnett14@weather.com','7N0b2E1DESq',41,0,'2020-07-27 03:00:00',NULL,NULL),(42,'Cris','McKeggie','cmckeggie15@sakura.ne.jp','Lz7MaK',42,0,'2020-07-27 03:00:00',NULL,NULL),(43,'Cacilia','Suttill','csuttill16@bing.com','0lRHgnrj',43,0,'2020-07-27 03:00:00',NULL,NULL),(44,'Maryjo','Norway','mnorway17@friendfeed.com','E6NwE2',44,0,'2020-07-27 03:00:00',NULL,NULL),(45,'Mavis','Bartak','mbartak18@google.co.jp','VzMM00737Ug',45,0,'2020-07-27 03:00:00',NULL,NULL),(46,'Neale','Goodlud','ngoodlud19@pcworld.com','7lyYwi',46,0,'2020-07-27 03:00:00',NULL,NULL),(47,'Augustine','Kendrew','akendrew1a@twitter.com','VlnfNTcRDmqp',47,0,'2020-07-27 03:00:00',NULL,NULL),(48,'Ford','Fitzjohn','ffitzjohn1b@slashdot.org','ripAk2',48,0,'2020-07-27 03:00:00',NULL,NULL),(49,'Zorina','Boult','zboult1c@nhs.uk','YeoRDlNinDF',49,0,'2020-07-27 03:00:00',NULL,NULL),(50,'Hamish','Poetz','hpoetz1d@wufoo.com','yaARWMyxBjxt',50,0,'2020-07-27 03:00:00',NULL,NULL);
/*!40000 ALTER TABLE `users` ENABLE KEYS */;
UNLOCK TABLES;
/*!40103 SET TIME_ZONE=@OLD_TIME_ZONE */;

/*!40101 SET SQL_MODE=@OLD_SQL_MODE */;
/*!40014 SET FOREIGN_KEY_CHECKS=@OLD_FOREIGN_KEY_CHECKS */;
/*!40014 SET UNIQUE_CHECKS=@OLD_UNIQUE_CHECKS */;
/*!40101 SET CHARACTER_SET_CLIENT=@OLD_CHARACTER_SET_CLIENT */;
/*!40101 SET CHARACTER_SET_RESULTS=@OLD_CHARACTER_SET_RESULTS */;
/*!40101 SET COLLATION_CONNECTION=@OLD_COLLATION_CONNECTION */;
/*!40111 SET SQL_NOTES=@OLD_SQL_NOTES */;

-- Dump completed on 2020-08-01 17:17:19
